[
  {
    "id": 1,
    "name": "Смартфон",
    "price": 50000,
    "description": "Смартфон с отличной камерой",
    "image": "phone.jpg"
  },
  {
    "id": 2,
    "name": "Ноутбук",
    "price": 70000,
    "description": "Мощный ноутбук для работы и игр",
    "image": "laptop.jpg"
  },
  {
    "id": 3,
    "name": "Наушники",
    "price": 5000,
    "description": "Наушники с шумоподавлением",
    "image": "headphones.jpg"
  },
  {
    "id": 4,
    "name": "Клавиатура",
    "price": 2000,
    "description": "Механическая клавиатура с подсветкой",
    "image": "keyboard.jpg"
  },
  {
    "id": 5,
    "name": "Мышь",
    "price": 1500,
    "description": "Игровая мышь с высокой точностью",
    "image": "mouse.jpg"
  },
  {
    "id": 6,
    "name": "Монитор",
    "price": 30000,
    "description": "Монитор с разрешением 4K",
    "image": "monitor.jpg"
  },
  {
    "id": 7,
    "name": "Камера",
    "price": 25000,
    "description": "Цифровая камера для съемки видео",
    "image": "camera.jpg"
  },
  {
    "id": 8,
    "name": "Часы",
    "price": 12000,
    "description": "Умные часы с функциями здоровья",
    "image": "watch.jpg"
  },
  {
    "id": 9,
    "name": "Телевизор",
    "price": 40000,
    "description": "4K телевизор с OLED экраном",
    "image": "tv.jpg"
  },
  {
    "id": 10,
    "name": "Планшет",
    "price": 30000,
    "description": "Планшет с большим экраном",
    "image": "tablet.jpg"
  }
]
